{"control": {"d": 0.038485459113864216, "e": 0.10533124362514616, "l": 0.050302261362788266, " ": 0.17282384257531658, "n": 0.05067542353907008, "f": 0.0038808866333308457, "a": 0.09804214244844142, "o": 0.0846083041022962, "m": 0.021096101699131776, "p": 0.023359952235241437, "z": 0.0034828469786302462, "r": 0.0554021444386397, "u": 0.03545040674677215, "y": 0.009776849018583476, "c": 0.024653581113018384, "h": 0.006542776824141105, "b": 0.015473791576485808, "q": 0.010249521108540438, "t": 0.030649053411946164, "i": 0.042067816006169614, "s": 0.05560116426599, "g": 0.007662263352986541, "w": 0.0003482846978630246, "j": 0.005249147946364156, "v": 0.008284200313456228, "k": 0.00039803965470059955, "x": 0.0005970594820508994, "1": 0.00014926487051272484, "2": 4.9754956837574944e-05, "3": 4.9754956837574944e-05, "6": 2.4877478418787472e-05, "4": 2.4877478418787472e-05, "9": 4.9754956837574944e-05}, "pd": {"a": 0.09895628810581791, "b": 0.016451379559780925, "i": 0.041975818952154596, " ": 0.17356618786814096, "u": 0.03707760669629017, "n": 0.05334297819572181, "v": 0.007171644104577865, "e": 0.10585925390100237, "t": 0.02711584168647308, "r": 0.05414901312390204, "s": 0.05489304536529916, "p": 0.023437015604009508, "c": 0.02426371809445076, "l": 0.049457476490647925, "m": 0.020295546140332747, "d": 0.03943370879404774, "j": 0.004464193448382763, "y": 0.009052392270331715, "g": 0.007957011470497054, "o": 0.080520822568978, "h": 0.006758292859357239, "q": 0.010602459439909062, "x": 0.0005166890565257828, "z": 0.002583445282628914, "f": 0.0037614963315076985, "k": 0.00028934587165443834, "w": 0.0006200268678309394, "1": 0.00014467293582721917, "2": 0.00014467293582721917, "9": 6.200268678309393e-05, "3": 0.0001860080603492818, "0": 2.066756226103131e-05}}