{
  "11": {
    "gt": true,
    "updrs108": 14.25,
    "afTap": null,
    "sTap": 162.25,
    "nqScore": 0.117542767,
    "typingSpeed": 189.37254902,
    "file_1": "1402930351.011_001_014.csv",
    "file_2": "1403706430.011_003_014.csv"
  },
  "60": {
    "gt": false,
    "updrs108": 2.0,
    "afTap": null,
    "sTap": 162.25,
    "nqScore": 0.0703498557,
    "typingSpeed": 60.5333333333,
    "file_1": "1402932300.060_001_014.csv",
    "file_2": "1403708258.060_003_014.csv"
  },
  "67": {
    "gt": true,
    "updrs108": 25.25,
    "afTap": null,
    "sTap": 133.75,
    "nqScore": 0.2234105984,
    "typingSpeed": 54.3333333333,
    "file_1": "1401117235.067_001_014.csv",
    "file_2": "1401978395.067_003_014.csv"
  },
  "68": {
    "gt": false,
    "updrs108": 6.0,
    "afTap": null,
    "sTap": 159.0,
    "nqScore": 0.0749731789,
    "typingSpeed": 71.8,
    "file_1": "1401114972.068_001_014.csv",
    "file_2": "1401980765.068_003_014.csv"
  },
  "70": {
    "gt": true,
    "updrs108": 26.25,
    "afTap": null,
    "sTap": 113.5,
    "nqScore": 0.1757506173,
    "typingSpeed": 39.6140350877,
    "file_1": "1404311419.070_001_014.csv",
    "file_2": "1404743687.070_003_014.csv"
  },
  "71": {
    "gt": true,
    "updrs108": 13.75,
    "afTap": 132.5,
    "sTap": 153.0,
    "nqScore": 0.1333680999,
    "typingSpeed": 106.274509804,
    "file_1": "1410446321.071_001_014.csv",
    "file_2": "1411655869.071_003_014.csv"
  },
  "72": {
    "gt": true,
    "updrs108": 17.0,
    "afTap": null,
    "sTap": 146.75,
    "nqScore": 0.2124236988,
    "typingSpeed": 79.1228070175,
    "file_1": "1403795516.072_001_014.csv",
    "file_2": "1404832986.072_003_014.csv"
  },
  "73": {
    "gt": true,
    "updrs108": 23.25,
    "afTap": 99.25,
    "sTap": 164.25,
    "nqScore": 0.0803071673,
    "typingSpeed": 115.541666667,
    "file_1": "1418748996.073_001_014.csv",
    "file_2": "1419870664.073_003_014.csv"
  },
  "74": {
    "gt": true,
    "updrs108": 11.25,
    "afTap": null,
    "sTap": 175.5,
    "nqScore": 0.1075346858,
    "typingSpeed": 186.078431373,
    "file_1": "1403792224.074_001_014.csv",
    "file_2": "1404747197.074_003_014.csv"
  },
  "75": {
    "gt": true,
    "updrs108": 12.75,
    "afTap": 79.25,
    "sTap": 158.75,
    "nqScore": 0.1490557436,
    "typingSpeed": 176.117647059,
    "file_1": "1407421738.075_001_014.csv",
    "file_2": "1409756763.075_003_014.csv"
  },
  "76": {
    "gt": false,
    "updrs108": 0.0,
    "afTap": 136.75,
    "sTap": 177.0,
    "nqScore": 0.0863080144,
    "typingSpeed": 249.725490196,
    "file_1": "1407423449.076_001_014.csv",
    "file_2": "1409754834.076_003_014.csv"
  },
  "77": {
    "gt": false,
    "updrs108": 2.25,
    "afTap": null,
    "sTap": 150.0,
    "nqScore": 0.0345126708,
    "typingSpeed": 79.7333333333,
    "file_1": "1403797570.077_001_014.csv",
    "file_2": "1404834530.077_003_014.csv"
  },
  "78": {
    "gt": true,
    "updrs108": 39.25,
    "afTap": 49.5,
    "sTap": 191.75,
    "nqScore": 0.2734730058,
    "typingSpeed": 85.0,
    "file_1": "1410450204.078_001_014.csv",
    "file_2": "1412088758.078_003_014.csv"
  },
  "79": {
    "gt": false,
    "updrs108": 1.25,
    "afTap": 148.75,
    "sTap": 173.75,
    "nqScore": 0.0973576095,
    "typingSpeed": 82.5263157895,
    "file_1": "1410451895.079_001_014.csv",
    "file_2": "1412090543.079_003_014.csv"
  },
  "80": {
    "gt": true,
    "updrs108": 39.5,
    "afTap": 92.0,
    "sTap": 125.5,
    "nqScore": 0.1554155836,
    "typingSpeed": 70.6666666667,
    "file_1": "1404819923.080_001_014.csv",
    "file_2": "1408630965.080_003_014.csv"
  },
  "81": {
    "gt": false,
    "updrs108": 4.25,
    "afTap": null,
    "sTap": 158.0,
    "nqScore": 0.0782774163,
    "typingSpeed": 57.5333333333,
    "file_1": "1404313658.081_001_014.csv",
    "file_2": "1404745424.081_003_014.csv"
  },
  "82": {
    "gt": true,
    "updrs108": 32.5,
    "afTap": 96.0,
    "sTap": 196.75,
    "nqScore": 0.0753558472,
    "typingSpeed": 33.5,
    "file_1": "1404830509.082_001_014.csv",
    "file_2": "1407425493.082_003_014.csv"
  },
  "83": {
    "gt": false,
    "updrs108": 2.75,
    "afTap": 152.0,
    "sTap": 164.5,
    "nqScore": 0.0516824073,
    "typingSpeed": 110.666666667,
    "file_1": "1404828566.083_001_014.csv",
    "file_2": "1407427375.083_003_014.csv"
  },
  "84": {
    "gt": true,
    "updrs108": 22.25,
    "afTap": 97.75,
    "sTap": 156.25,
    "nqScore": 0.0784865557,
    "typingSpeed": 99.9215686275,
    "file_1": "1407163319.084_001_014.csv",
    "file_2": "1408982860.084_003_014.csv"
  },
  "85": {
    "gt": false,
    "updrs108": 2.5,
    "afTap": 107.75,
    "sTap": 159.5,
    "nqScore": 0.0696982,
    "typingSpeed": 104.078431373,
    "file_1": "1407165254.085_001_014.csv",
    "file_2": "1408980899.085_003_014.csv"
  },
  "86": {
    "gt": true,
    "updrs108": 14.25,
    "afTap": 114.75,
    "sTap": 133.25,
    "nqScore": 0.0581058537,
    "typingSpeed": 119.791666667,
    "file_1": "1408976968.086_001_014.csv",
    "file_2": "1410274781.086_003_014.csv"
  },
  "87": {
    "gt": false,
    "updrs108": 2.75,
    "afTap": 118.25,
    "sTap": 140.5,
    "nqScore": 0.0536730555,
    "typingSpeed": 188.041666667,
    "file_1": "1408979136.087_001_014.csv",
    "file_2": "1410276815.087_003_014.csv"
  },
  "88": {
    "gt": true,
    "updrs108": 13.75,
    "afTap": 95.0,
    "sTap": 157.0,
    "nqScore": 0.0913513692,
    "typingSpeed": 105.166666667,
    "file_1": "1408372533.088_001_014.csv",
    "file_2": "1409235978.088_003_014.csv"
  },
  "89": {
    "gt": false,
    "updrs108": 0.0,
    "afTap": 144.25,
    "sTap": 164.5,
    "nqScore": 0.0801528385,
    "typingSpeed": 149.333333333,
    "file_1": "1408374282.089_001_014.csv",
    "file_2": "1409238087.089_003_014.csv"
  },
  "92": {
    "gt": true,
    "updrs108": 21.5,
    "afTap": 101.25,
    "sTap": 145.0,
    "nqScore": 0.1909456497,
    "typingSpeed": 81.0175438596,
    "file_1": "1410272175.092_001_014.csv",
    "file_2": "1412086661.092_003_014.csv"
  },
  "93": {
    "gt": true,
    "updrs108": 21.0,
    "afTap": 116.0,
    "sTap": 190.75,
    "nqScore": 0.1070307761,
    "typingSpeed": 80.9473684211,
    "file_1": "1408376132.093_001_014.csv",
    "file_2": "1412694503.093_003_014.csv"
  },
  "94": {
    "gt": false,
    "updrs108": 4.0,
    "afTap": 142.0,
    "sTap": 157.25,
    "nqScore": 0.0499365805,
    "typingSpeed": 85.4901960784,
    "file_1": "1408378153.094_001_014.csv",
    "file_2": "1412692310.094_003_014.csv"
  },
  "95": {
    "gt": false,
    "updrs108": 1.5,
    "afTap": 213.0,
    "sTap": 181.75,
    "nqScore": 0.0754485608,
    "typingSpeed": 188.814814815,
    "file_1": "1410448218.095_001_014.csv",
    "file_2": "1411657572.095_003_014.csv"
  },
  "97": {
    "gt": true,
    "updrs108": 25.0,
    "afTap": 92.0,
    "sTap": 188.75,
    "nqScore": 0.1500197319,
    "typingSpeed": 97.0196078431,
    "file_1": "1408029544.097_001_014.csv",
    "file_2": "1408633211.097_003_014.csv"
  },
  "98": {
    "gt": true,
    "updrs108": 29.0,
    "afTap": 87.0,
    "sTap": 176.75,
    "nqScore": 0.1532306585,
    "typingSpeed": 59.9393939394,
    "file_1": "1418744709.098_001_014.csv",
    "file_2": "1419866851.098_003_014.csv"
  },
  "99": {
    "gt": false,
    "updrs108": 1.5,
    "afTap": 96.5,
    "sTap": 180.0,
    "nqScore": 0.0574579592,
    "typingSpeed": 92.3703703704,
    "file_1": "1418746466.099_001_014.csv",
    "file_2": "1419868806.099_003_014.csv"
  },
  "1000": {
    "gt": true,
    "updrs108": 27.0,
    "afTap": 79.0,
    "sTap": 184.5,
    "nqScore": 0.1071786177,
    "typingSpeed": 56.8666666667,
    "file_1": "1424946827.1000_001_014.csv",
    "file_2": null
  },
  "1001": {
    "gt": true,
    "updrs108": 16.0,
    "afTap": 96.5,
    "sTap": 189.0,
    "nqScore": 0.056286132,
    "typingSpeed": 118.0,
    "file_1": "1427279751.1001_001_014.csv",
    "file_2": null
  },
  "1002": {
    "gt": false,
    "updrs108": 5.0,
    "afTap": 140.0,