{
  "typingSpeed": {
    "control_mean": 153.81937814971667,
    "control_std": 52.02794181358257,
    "pd_mean": 129.3101941718722,
    "pd_std": 36.46334783526301,
    "difference": -24.509183977844458,
    "percent_diff": -15.933742726478183,
    "p_value": 0.12096376642033188,
    "cohens_d": -0.545559741093304,
    "significant": 