{
  "pd": {
    "overall": {
      "delay": {
        "mean": 40.11999999999998,
        "std": 50.60792145786779,
        "min": 0.1,
        "max": 100.0,
        "percentiles": {
          "25": 0.15000000000000002,
          "50": 0.3999999999999,
          "75": 100.0
        }
      },
      "duration": {
        "mean": 241.6,
        "std": 127.7990107272241,
        "min": 49.9,
        "max": 447.5,
        "percentiles": {
          "25": 181.35000000000002,
          "50": 221.1999999999999,
          "75": 320.04999999999995
        }
      }
    },
    "per_key": {},
    "categories": {
      "letters": {
        "delay": {
          "mean": 40.10999999999999,
          "std": 51.54517867312563
        },
        "duration": {
          "mean": 220.44000000000003,
          "std": 142.1352970470976
        }
      },
      "space": {
        "delay": {
          "mean": 50.150000000000006,
          "std": 57.56187974692974
        },
        "duration": {
          "mean": 269.4,
          "std": 98.63275318067527
        }
      }
    },
    "avg_typing_speed": 107.58731481479
  },
  "control": {
    "overall": {
      "delay": {
        "mean": 47.14594449223698,
        "std": 47.75426914389153,
        "min": 0.099999999999989,
        "max": 100.0,
        "percentiles": {
          "25": 0.2,
          "50": 29.9999713897705,
          "75": 100.0
        }
      },
      "duration": {
        "mean": 263.1459459459459,
        "std": 141.52756817154938,
        "min": 67.8,
        "max": 493.7999999999999,
        "percentiles": {
          "25": 151.29999999999998,
          "50": 213.0999999999999,
          "75": 405.2
        }
      }
    },
    "per_key": {
      "space": {
        "delay": {
          "mean": 44.52222222222221,
          "std": 52.6308791912547
        },
        "duration": {
          "mean": 226.9111111111111,
          "std": 153.70378528556515
        },
        "count": 9
      }
    },
    "categories": {
      "letters": {
        "delay": {
          "mean": 50.95769023895263,
          "std": 47.58873814360425
        },
        "duration": {
          "mean": 276.6846153846153,
          "std": 143.1660146607642
        }
      },
      "space": {
        "delay": {
          "mean": 44.52222222222221,
          "std": 52.6308791912547
        },
        "duration": {
          "mean": 226.9111111111111,
          "std": 153.70378528556515
        }
      },
      "special": {
        "delay": {
          "mean": 9.39999999999995,
          "std": 5.515432893255001
        },
        "duration": {
          "mean": 250.2,
          "std": 52.46732316404189
        }
      }
    },
    "avg_typing_speed": 124.40733224826955
  }
}